,filename,raw_url,yahoo_image_url,title
0,プログラミング_1,https://jp.techcrunch.com/2016/05/17/20160510please-dont-learn-to-code/,https://msp.c.yimg.jp/images/v2/FUTi93tXq405grZVGgDqG-x3UWkFDroz0UpaunW0rBkaOyuGFongc8Hm7mQ6ljIyuVv03SPQEpgWLg4LRwZmZ_F0uDDn0H7xRzsi40Kp-XMzl7zcazY8rQby-d2wRuq_c7HriJ5zAslkK1v5R-XA0IVsWppXN31FUKYPTlY68-0UMdFe7X7o07KLkKqviYPiGk7Z1olRbzJnj0EY3vHGYwLi70TdmTT8MesOQL7CwlJz_zlAf8O0TjCjMQqOj1a0xjUDzn4ZsR3axMvStepzGRdQW70PhrMYoIB2LHCKTd4=/codecode1.jpg,頼むからプログラミングを学ばないでくれ | TechCrunch Japan
1,プログラミング_2,https://postd.cc/the-language-of-programming/,https://msp.c.yimg.jp/images/v2/FUTi93tXq405grZVGgDqG3LhZrlqvZUizcqnCRHsU6aQACSwYqIuW-N3eY9zonbh-F_gHFTsEdU3spV6z6Suc50MFVvofweSrLFYSHDai6lgKz11ESXY4qyDPqZzH85To8LKF6AjTRFPEJVogbdhDv4mxuUZYmlqg83lCUvBzGt3ZThxQVSSX3ufNQ7XrTK6P9BRdGb6MY4vF0HYTZemqhRhJR_6FJBg2o9TlDSLZbYhiCXvT_IDjxurgqlTOixpJZaFZ75QA87s8X_K5owd1WFhQYmA9QMcD39Fw7xSigg=/govnokod-1-500x699.png,プログラミング言語について | POSTD
2,プログラミング_3,https://techme.jp/,https://msp.c.yimg.jp/images/v2/FUTi93tXq405grZVGgDqG2_6YkkJtSmf8Rzy525TqG1f1AOZJYyYoK2rEYlNWWG-L0k_DcYIQpge4kvXkBF2Yysx_7GXPSNWzzKLmRECKhau29AZ03Swm8z4wLRNpxe4DZhyb9nH9M4Fkte9iWk5hX6t2ZL4kOR3t36OnM_zc13juijgK20Pc7O0iCMavlwQBd6UIXjQ4lRIi5biXkKZYdd9dffnpGXuctEwqAo961hEwX79rkbXDg96nJj5Trxa9YDOB6c2a-Hqv-4fKc71sg==/pixta_29780628_L202.jpg,プログラミングのスポット相談|TechMe
3,プログラミング_4,https://toyokeizai.net/articles/-/150488,https://msp.c.yimg.jp/images/v2/FUTi93tXq405grZVGgDqGzgbrsxmpZmVZTCEdr91bvEoDpVkjAdROTz4u5--6PLQ00ebCAw1_SB0VLxD7p5iAGfiL9omoN579UdEM8Q-eTB_vozyD-IcRtXM3ppUiWbr8KaFFVQLGjSsYAw9dmq3JCwBw-SQo6YlDkzg7nnPxwFKs4hvviELvfkA9NDByHnvucgZe8vldveQF3fTpm0k3wh0-Dzj0s7ml8yFEGE199I05JEdlIPxFX2U_COyTuuwkR6l5QUAT92ROe8WwsIbn-XdCeb4JMqaNcgYy2nW3ZOcAbp1YP_r3PFY4UIn6R4z/img_ba408321b68a93a9fb0115c10bbdce69472638.jpg,文系にプログラミングが必要な本質的な理由 | リーダーシップ・教養 ...
4,プログラミング_5,https://www.dospara.co.jp/5info/cts_str_pcuse_programming,https://msp.c.yimg.jp/images/v2/FUTi93tXq405grZVGgDqG_bR1TXu3tbhNeoWE0JZHMpMxZjSkqFuacrA_vcOPFIFJy51Q9tKK-XOhrmjUAkpyqLitwBYXteyRLeGSCmDwzm5j-2XIANyP8bzfeZPJHDeRpXI8zagw7M7s6pqkyURoD3HZ3TneLrKqz_4LidfYnmZxyufeef55LtbH7OA3LmhXAEpX-XZ0EUF7tk4cxGt3SO-AshoQw6XcDfpXwAi9BY_ofXJDvhbOQ04-8FVzZvaiWOOs2yc4B1eK2FPwBkYmf3W_0CVyhSl65tHWOqaJZE=/programming01.png,プログラミング言語の種類とは？概要や用途ごとの利用方法、言語の ...
5,プログラミング_6,https://coeteco.jp/articles/10004,https://msp.c.yimg.jp/images/v2/FUTi93tXq405grZVGgDqG5Dgw02U19OMFO0bgyxeMMCp0KvmwLSdrqV9H81RLrskTk8tg8QHexE7_Lh9dzjyHyC14E7NVG-lsj1FSywod1VINaMWL13kW-r_LZDlT4fNQos7fvAgS6EDGIyx6ZIRk5vwliP_X3BkTB9Lve4WwF-3a7ceFxPfoFgRZiYqGCG1C-hdCRTYO_68xY5vDp5X74hja_KULZj3trgmbNqzN9sxP8bJ3q52g5bVt64O4L8uuvuYaq_299Ux1j1zbmeCrMdFY9e5yYpgM9pAgUaZ1SgggfheT3VZvQQXUlSp7XonFW8qCg9JccEDAkW7qgTayoAgOERmond4rce8jpRphSmrlg_CZut-1eRwx49pFTf5QH_OtAnB1z_VXzEf6WnXGcv-2OVaHAESOrowXntRWYB1RDskLkF2L_uIdo4R0a9mj49Udy8FdiyndOQqqTOF4g==/9f1c6367af653a042fddba774cb3a783e55d29579d40b7caac134959e0e0,小さいころからプログラミングを学ぶメリットとは？早期教育に注目が ...
6,プログラミング_7,https://codeofgenius.net/magazine/column/programming/1466,https://msp.c.yimg.jp/images/v2/FUTi93tXq405grZVGgDqG7Bt4xaaBPyYFgO5ND19km1kQcQyszvdGcLU1XqV0ALr55cfN5Tpx2iVWnDG1DKxZLX0-D8XEGDQ907icItiIXLBMoPYG-HUNRZF1x8CDzGsy-Ij8CrYkQpp5pB2_lheaIH_QYZecdTV2ByUR4HWSc58sZv5YCy3kfPXOGaVQYTdILhQ9SpoklRX7Grxw_VT9prWmfxUY5dh3F7QzKqRx3PTnMAa0is6xvlrBBgSISJyRsjTsQpJkv8mD4kOnUhnlQ==/camp03.jpg,中学生必見！中学生におすすめのプログラミング言語3選 | コードオブ ...
7,プログラミング_8,https://kidscodeclub.jp/cha3/,https://msp.c.yimg.jp/images/v2/FUTi93tXq405grZVGgDqG5wS-TZAmLWobpP2csE5GCCDOAm5DpKgpUNULp4Tbdd79RxveRTCQBWTnue0EbUy-EIOVQ7cKOq4nF0OwAXNyrBX0-gKnSbp4KuB2RSCTsbowTKD2Bvh1DUWRdcfAg8xrMviI_Aq2JEKaeaQdv5YXmiB_0GGXnHU1dgclEeB1knOfLGb-WAst5Hz1zhmlUGE3ZgQJnQceWUss2W9DoaD8Ue7H-zZhKkpUUQTetK1mna4BPhpxPnhUrOEaMt4O3YlH6LlreSAez5y9HdVGWIde48=/06.png,無料でできる！子どもプログラミングのはじめかた | 一般社団法人Kids ...
8,プログラミング_9,https://mynavi-agent.jp/it/geekroid/2019/05/post-81.html,https://msp.c.yimg.jp/images/v2/FUTi93tXq405grZVGgDqG_rdOcSlY78Wd8cjQVKW-InzwGaHLyYGly75BDe-ifWpLsy3J1AOT7WxSGcV5O4s6FmaZh0NmLOBpS3U_GUmUdiu29AZ03Swm8z4wLRNpxe4DZhyb9nH9M4Fkte9iWk5hX6t2ZL4kOR3t36OnM_zc13ZCldzNbqbhDq8v-Z5cabid0EqHInEoDEOaw8hXgRet6zWF9oFVgHb6eezPWvLqOwQmAMZ9N0Y01e0ksBMKQqPFNBBvNDSnhxpaTJpIQuj3g==/post81_mainv.jpg,子どもから大人まで！プログラミング学習ゲームで楽しく学ぶ ｜ Geekroid
9,プログラミング_10,https://haa.athuman.com/media/it/programming/1349/,https://msp.c.yimg.jp/images/v2/FUTi93tXq405grZVGgDqGx70uVh6JrKTLc2lrUMLjHUdv8gk3zdTRMLrYz1PLd-SD_nsWftuFF_fAP17pbTI2CSMT9O_x1fkvkkkDK1XbdghQMDIny4d3sEFFesQ6VF9DGeu-qr0_hg0NK8x9bkFTUaVyPM2oMOzO7OqapMlEaA9x2d053i6yqs_-C4nX2J5mccrn3nn-eS7Wx-zgNy5oVwBKV_l2dBFBe7ZOHMRrd2uUbfhlpq2R2uQ71lGKIjeJgqljdURJD7PBcjQe1CXEQqyL3Nd7V9d6MwDvEpjFwdueT47WjUt94ggruX4HxKc/tech12-23.png,プログラミング初心者は何から始めるべき？成長へのステップを解説 ...
10,プログラミング_11,https://online.dhw.co.jp/kuritama/about-programming/,https://msp.c.yimg.jp/images/v2/FUTi93tXq405grZVGgDqGyIl_tKQi57JBRa9ONAywyxljafLVo3MDVvf63q0rPYNiR8iq4CX0FbX4WS8DxfFNBnNEjq8N3mdxNcMOvK9iXFFdePRVNP-2Kna2uCpB3t0q9UebV7RR4DCn8ZD87VDP98U33kl4Xdb70ATaOZHe7jBMoPYG-HUNRZF1x8CDzGsy-Ij8CrYkQpp5pB2_lheaIH_QYZecdTV2ByUR4HWSc58sZv5YCy3kfPXOGaVQYTdqRgHD4taC3QhlZ9_0SZIiUBA3SAq3B8oGGSoYHs45GFn8cMuB9a0U5ChRMiHXrAVMRroMxSU00-5G1Zeo3bX0Q==/markus-spiske-cvBBO4PzWPg-unsplash.jpeg,プログラミングとは？初心者に向けて有名な言語から勉強法まで ...
11,プログラミング_12,https://litpla.com/news/20200330_academia_online/,https://msp.c.yimg.jp/images/v2/FUTi93tXq405grZVGgDqG50rshEI9Tc6AIUebgWU7voQiiVXvDtfRLGDrYGK6Wfc94hZknidq5cWCfaDwhpZkGq9vHwQiAWnJYPaSDrt3SHdrxaNdgMsEZe9JJy6Tl_DrtvQGdN0sJvM-MC0TacXuA2Ycm_Zx_TOBZLXvYlpOYV-rdmS-JDkd7d-jpzP83NdcSDqPgizrelcJwXRUJjhwUXn3oJlByXUnAeZw2msqBwQbNOqZdJFLY3qbjPNrRR_ud-d-tqME3b8bXTxi-K58PWAzgenNmvh6r_uHynO9bI=/academiaOL_img.jpg,自宅で手軽にプログラミング体験！「Scratch」を使ったゲーム ...
12,プログラミング_13,https://prog-8.com/,https://msp.c.yimg.jp/images/v2/FUTi93tXq405grZVGgDqG5k93GA2JXD26tVN0p0m7E6s4mabPSfiktt67shy7DuJAQ-PCNk3RAX-lma3dCRg2J7NCsVoaQzmYnzhI-Lqr7sigdYY0EeQMteoeCU9gIuUo3VmhW105fiW5ZJseqIIgSwBw-SQo6YlDkzg7nnPxwFKs4hvviELvfkA9NDByHnvucgZe8vldveQF3fTpm0k3wh0-Dzj0s7ml8yFEGE199Km1y73yWmCQ-9Jg4GlrrF0q_83kTZM2ANHq5rQXyA8V4qFrd2zS0iReP12X9YEO-AQvsZqoI7RhFDp3ZJO5B-m/first_view_ja-7b5585c019014bccb77d..png,Progate | プログラミングの入門なら基礎から学べるProgate[プロゲート]
13,プログラミング_14,https://online.dhw.co.jp/kuritama/about-programming/,https://msp.c.yimg.jp/images/v2/FUTi93tXq405grZVGgDqGyIl_tKQi57JBRa9ONAywyxljafLVo3MDVvf63q0rPYNiR8iq4CX0FbX4WS8DxfFNBnNEjq8N3mdxNcMOvK9iXHZ1eTP9hV2jHfVX8LW4rl30o8XEjGxSULFt2urw3Shy98U33kl4Xdb70ATaOZHe7jBMoPYG-HUNRZF1x8CDzGsy-Ij8CrYkQpp5pB2_lheaIH_QYZecdTV2ByUR4HWSc58sZv5YCy3kfPXOGaVQYTdoyjviPXg_CiLazEoDVylUBxL_JdaE7Za5Xon_lykWJxVPVSANteaAH8tmHpSoPAgbfJeLDg7-MvQNvuY2NivCg==/danial-igdery-FCHlYvR5gJI-unsplash.jpeg,プログラミングとは？初心者に向けて有名な言語から勉強法まで ...
14,プログラミング_15,https://n-jr.jp/commute_course/curriculum/programming/,https://msp.c.yimg.jp/images/v2/FUTi93tXq405grZVGgDqG-GsbcMaHjwWKeOY1A2ixzsW4gMmfq5WXPvN0oKp7EOGowugShFzUddiGekX1O3YINB1xYQUR8Peu_5UHek3K44JKSKI7zx9LYAD7on52Uf06pK2oqInL1zip73s-nFfYSkbkqjKswAjuBVYiRiTks6Vzua3c4MjoDAwngCiK_6XWFV00-fwYkXUln6Fj_cpyKEvJ3fuWYWFABldvtXczdPuIdHC5qhodWdIHOqEXhuMjRkoJFT5n8bJExfHNwFNqbn6OKlBHlPYz1yfK44WNIT1gM4HpzZr4eq_7h8pzvWy/mv.jpg,プログラミング | N中等部
15,プログラミング_16,https://blog.codecamp.jp/programming-what-can-do-1,https://msp.c.yimg.jp/images/v2/FUTi93tXq405grZVGgDqG2ZbYGCyLpR5USnqNmgnrubG2eS9ra12f_cClqxFaU7sMNf8ORNy0u0XHjK8-zSTk50_d6y5K5nCwBm5-1CFSJmGOi3R6volOVFylnaETIiN_KhKsVQU9zR9NZuf2hlBrirmwXrnOxBG_hQrReyZ_DI_LrTQA1o5n1mjGubprYG83icKRJMt-HQF3fLBB_178risfDJUUVg8VJceNXL4KfgyZnNEdiOtYSGUogUc1FfvMro5GnM9_s4WkPjSf8zf7MtHIBNcBJSWnjXMENmNoOQkcMsNyvB9LfqBNHDOXQb3i7Gb8GK0H-7LcqxYnEjPFDZJS5QIWkXyzqk4fb7rWwd3gmn_TfS-X6OvIz91A1LEjPT6R0qFMrW8bMELt_zBQA==/4eac2affcfca8d6942917d12fcdf6f8341498d51.34510.desktop.jpg,プログラミング一体何ができるのか？学習する前に確認をしておこう ...
16,プログラミング_17,https://progra.org/blog/75/,https://msp.c.yimg.jp/images/v2/FUTi93tXq405grZVGgDqG1DOCoFdjj0tRkJuk0LWNmbqa8deHeZDz8xzNwfQTSgopZ8JqHpGMWTNJ89v2K-iqjuZbbNYSbESwOhbMkweq8sggfheT3VZvQQXUlSp7XonFW8qCg9JccEDAkW7qgTayoAgOERmond4rce8jpRphSmrlg_CZut-1eRwx49pFTf5pg4n6xTd2faL7HrOuFuiMUeQsK2fxMrS0JZc-FyopCVW3fgpsb1dJ8c0MHvtN00eo_o6KKRMoGrJ88tPdsa9xQ==/50170017907_66c5cae3bc_b.jpg,Scratchのその先は？プログラミング言語かマークアップ言語か（HTML+ ...
17,プログラミング_18,https://www.internetacademy.jp/it/programming/programming-basic/programming_beginner.html,https://msp.c.yimg.jp/images/v2/FUTi93tXq405grZVGgDqG9sIx5TWakL0EvII_cn7OFiKatZAiGdlPFKcEmBqPx5TXIY7EK306Y0ZYponEs9DNokvOxvUsu86SM5YNbTyKcUEXW70cszO4LOrTsaWphBZU_SGE4oTRZXTbGnwI59IPykbkqjKswAjuBVYiRiTks6Vzua3c4MjoDAwngCiK_6XWFV00-fwYkXUln6Fj_cpyDikKSE1M6BSqpU99zgXRwneZwvsoIykuAVauV6p3dLujYQ-u_NMgWlnwFphgjgtHqGG4PLGHYfaZv7epJaOfrWM9PpHSoUytbxswQu3_MFA/benefits-attend-web-programming-school.jpg,プログラミング初心者が勉強を始める前に知っておくべきこと
18,プログラミング_19,https://tech-camp.in/note/technology/226/,https://msp.c.yimg.jp/images/v2/FUTi93tXq405grZVGgDqGxiw-Tbq3nt4hl1-Q-TVZoODEpE4z_s1xPwXVje0FrFY8xPhvOOa8YokQ0h9FkFsJiDM3GQoPF_jys1TTs2iWru95JzEW592GeaBqgNBmTQdc28F73kYMQfbA14P9fD5TA-o5zmnml_OR-bm6_whgO6wxOO_3a34qT4WQ74oIvf2LpvuF2dTXsEx5onDV_Q5VOOxWl-keef6xtYVxZyQgMIJkuWBJNsJEdYUSBD5L2_I4e-mGTOIapuge1Crwmfl6on4bzGK3W1YCwSYr5-YRkFW81zs8uz7U_LSUMgpa-kiXkAiQXm5-tq80nFwRNJdVDJmc0R2I61hIZSiBRzUV-8yujkacz3-zhaQ-NJ_zN_sy0cgE1wElJaeNcwQ2Y2g5KF-Be8T_FLwhzXzhsHWo9tUjmv5TqcXYNwXar5PcyB8V3vmI5T-USuaOl8duSbM9Kx3wNFnviUuGiDXN6g_TiDyjrNBw9iXW4gDGS-NANVS/E382B9E382AFE383AAE383BCE383B3E382B7E383A7E38383E38388-2019-08-15-16.12.38-300x198.jpg,プログラミングとは何か？を世界一わかりやすく解説 | テックキャンプ ...
19,プログラミング_20,https://www.huffingtonpost.jp/techcrunch-japan/program_study_b_10014552.html,https://msp.c.yimg.jp/images/v2/FUTi93tXq405grZVGgDqG-k-1_c5wXRAf5ccEUdvFsoOw2xaTCw7jfiCqaEsfcvX-aLE5drUXhODZybHxyYALSNNLk3RvYxwR1Vy3sn3SLuCVxmFFdGaTdEaIW01ytZxXT_v6m_b84x1XolhUUh4yfF6SRVIsJ_NbxYiLv_-eMn-jO3iN4wLtyHYDxKaqgBiTiurRrSMZew9xAniFKagn3s3dayHIEhnZSuj5ftsZttNAMSGI07uKEb4G1LVKosBI94uUSEwEACsFtps9H3CypfvDwQcIY9ryAmP2U9jyC65HAOmTDoUWDvHQoo-KlI-/5c63485e2400007002a1fe45.jpeg,頼むからプログラミングを学ばないでくれ | ハフポスト
20,プログラミング_21,https://techplay.jp/event/801105,https://msp.c.yimg.jp/images/v2/FUTi93tXq405grZVGgDqG8Yt1YyfdZIXpE9z2dBX8defbzcC8SW4jkFEJ2iM7v63ydh3mtDDuj_iHZYXv_szkHSX9H0Nahb1jzTT7R3zaNCgfEw0l2G4fCbQTD4HdtYpF_AF96ofvQ0l4H4m8hxE4K7b0BnTdLCbzPjAtE2nF7gNmHJv2cf0zgWS172JaTmFfq3ZkviQ5He3fo6cz_NzXauXqM1eHr0hov4Y70yxvdSGwKlRRa78trqeIv9ccT0FLi4lpfW-6bFHxd1568pFGfIhNnMY1nAErUbruujsEAAU0EG80NKeHGlpMmkhC6Pe/715098dbe28e6cd491872c0c360f8e5190540adc.jpeg,初心者の方のためのWEBプログラミング体験講座｜IT勉強会ならTECH PLAY ...
21,プログラミング_22,https://www.asahi.com/edua/article/13342787,https://msp.c.yimg.jp/images/v2/FUTi93tXq405grZVGgDqGzbOx8_FpQLn2cF-kdnfsfH7pbWt_ldaSzC7Ipfiblhjth6cPVaEE_yDLry5Fit7H1pGhUaDDNlgDhHaoda_iUifPo2DmsRaGVBb8pdbcAs4xvP49BxBZuQjhRPsHdjPC3dF0YL0tXZFM7E6dcgzACyAQoZS0yY8OiztkD6wFCZDpp4QeLJJv_8FCsuGuzwPF6DwLtWor8vl9ORLFPI_f3j-zGxAK7BJF0datEO2a7C2rtFjdsYfNNSOg1Tjh32GezRdhgk2n6Obe08J1tEIdYJUvrr_pGGIBJV29GrffJoq8o6zQcPYl1uIAxkvjQDVUg==/147973670fce6acf6656e3cfed69c3ab.jpg,プログラミング教育必修化、子どもの将来にどう関わる？ これから社会 ...
22,プログラミング_23,https://www.gadgelog.com/columns/school/programming-comparison/,https://msp.c.yimg.jp/images/v2/FUTi93tXq405grZVGgDqG9VX3Lwsy5rQSj9THx0YNDpoCcIGSSnOuYMhY0cBVb09EIolV7w7X0Sxg62Biuln3MwP2MSGUJo7mkcn6Sl3UcTvcv0EaowUMaPePjxRgV3mIIH4Xk91Wb0EF1JUqe16JxVvKgoPSXHBAwJFu6oE2sqAIDhEZqJ3eK3HvI6UaYUpq5YPwmbrftXkcMePaRU3-bi0enWujcmJbRTEi7GqBiPXalY9euLR_EK-b9GFOBcSsFWM9VtUtu-Zc46v-ZNCXc0KFTsMDK37LQ0iqm-u9b8=/image0-5.jpg,2021年】プログラミング言語を徹底比較！おすすめ言語11選 ...
23,プログラミング_24,https://startupcafe-ku.osaka/journal/column/2146/,https://msp.c.yimg.jp/images/v2/FUTi93tXq405grZVGgDqG8CuYLcN3JR4QlOXvPX1M4wPacb4VJfGsaclNhOdXtxNy4iZTldufLUyozbcCsSNUXUJBRM38RmxvkjS6CcQwYo8cNqOfIha6GvHaWkRMLG4ZeTOrB3z30hZWvUR5V8g70UvaIFq8rqx8tixUN4U3PyVmVndCl4wdjiK1L0oRgfrzyUFX3tJ_2FbORSufDRAFqFwLUoBlfpck-lOmldj_8YM_QD1P-o7YPgFUjfn8uOx2fn62KOG9FjXye8Hh0-JxiiVa1SNzepPeRw6UN5yHcex_L1j6sCFvO1gzH3JAxto-W6koB332LDAaVcLl8VibRTQQbzQ0p4caWkyaSELo94=/florian-olivo-4hbJ-eymZ1o-unsplash-1200-1024x683.jpg,わかりやすく解説！プログラミング言語の違い | スタートアップカフェ大阪
24,プログラミング_25,https://paiza.hatenablog.com/entry/2019/08/26/%E3%83%97%E3%83%AD%E3%82%B0%E3%83%A9%E3%83%9F%E3%83%B3%E3%82%B0%E5%88%9D%E5%BF%83%E8%80%85%E3%81%A7%E3%82%82%E7%B0%A1%E5%8D%98%E3%83%BBLinux%E3%81%A7%E3%82%B3%E3%83%9E%E3%83%B3%E3%83%89%E3%82%92%E8%87%AA,https://msp.c.yimg.jp/images/v2/FUTi93tXq405grZVGgDqG7EWq3gkaBV51Iq32TvAcGrFGJLYXPsvUcTXV7P3YYThZwu87gLpK7_7hD_Dhrd1QvM-VbgpwC1BDQLp8EfHAaddirVLNHq5rRhAVhfukeLtgKbFdKLnjYh1HR3j2eFbeIwQUr2uPRjssvIKp0lzNh5caPRnczZZkhb6Ym94bf9_VgYWEfpGpML-rV4VGTkkjS-v_qv4_yJesJY1YGK-6K3LPYaiWFDnDgCt8mYwHOM8rXtlr9p2afCkq4ShHrHpHtX1WWfel9hIslI8YIDsokLfZQoeTrl4eraK3Pf1Wf9C/20190717105101.png,プログラミング初心者でも簡単・Linuxでコマンドを自作する方法 ...
25,プログラミング_26,https://hnavi.co.jp/knowledge/blog/software-language-type/,https://msp.c.yimg.jp/images/v2/FUTi93tXq405grZVGgDqGzJJHYOThpdAagZM5yK2F2l122ucsGpRMMXHaqnPy2bQr8VRbaGZTNm4k2gmmuKdnt9eOf4I1YLAu9wK3VhCpdaerpM8L0BnSHfk4_spVQwP7M8wm2RDU82vmIFN1Pv4RYVsWppXN31FUKYPTlY68-0UMdFe7X7o07KLkKqviYPiGk7Z1olRbzJnj0EY3vHGY9Fv3K86_z3_9VKGxq7wrmCU6YdMq-q_wJK4lODC-ooyUl44TZpXuoXeR4D-z3QyhL9cl64Bc9DR9KB_dPOc_0uDZNRaifXhNCs_BugWVA5o/Software-language-640x427.jpg,ソフトウェア開発のプログラミング言語の種類や特徴を解説｜発注成功の ...
26,プログラミング_27,https://kakakumag.com/pc-smartphone/?id=15174,https://msp.c.yimg.jp/images/v2/FUTi93tXq405grZVGgDqGyNBgbaob1szM51fuHM9lR6cOnfbKaWPWpObc-5qZLPxTQrCScUfSecRIVelTdBw-gv59t5YbsCl6-GkTlEpqFejwsoXoCNNEU8QlWiBt2EO_ibG5RliaWqDzeUJS8HMa3dlOHFBVJJfe581DtetMro_0FF0Zvoxji8XQdhNl6aq7ZvKovQ6KCR9Qd0xM8-3AKCk0G_MNtzGrV4oaIMQP7O5m3zJccyCqfxfANmdSkSviZjNlaRa6c0dsC2LR5WsfA==/img01.jpg,今こそプログラミングのことをサクッと理解しておこう - 価格.comマガジン
27,プログラミング_28,https://news.yahoo.co.jp/articles/17194232180996141ee29d6b25a5749e4296633a,https://msp.c.yimg.jp/images/v2/FUTi93tXq405grZVGgDqG_atTBgyGepRxDUKghzT94R5yVScscoVXMLEBSTVLCqc-07cvw1s_2DOMEDFzWzzEWP8JN_WOlzT9Yw5J0nIWkT6iVG1ueSlQNKN6f2QxzQV7M8wm2RDU82vmIFN1Pv4RYVsWppXN31FUKYPTlY68-0UMdFe7X7o07KLkKqviYPiGk7Z1olRbzJnj0EY3vHGY-_Q2obwUkSm_VGJIIj1rA0s27mJijy2q-yjleN5FmMEoUC-NR1szcPoaR3d_PFit6qLakMiprNYx-EBj7ieIjKDZNRaifXhNCs_BugWVA5o/20210627-00010021-realsound-000-1-view.jpg,プログラミング教材の問題点と、それを軽やかに飛び越える任天堂のすご ...
28,プログラミング_29,https://japan.cnet.com/article/35155952/,https://msp.c.yimg.jp/images/v2/FUTi93tXq405grZVGgDqG8MoPWA5tjyPJPWj2zI-U0UgBwfSazpTBHSh8-OleFercoMZuksHjBj3divwfIt1MVqJ9CwMXFicpGpDDk9_ZgGSt4dv-uSL-tXGcLLgTmG-Vs7js23RmWbdgLYFHNYp1tsIfVIwGTUlPFoJkToDy4eMEFK9rj0Y7LLyCqdJczYeXGj0Z3M2WZIW-mJveG3_f1YGFhH6RqTC_q1eFRk5JI0vr_6r-P8iXrCWNWBivuit3w5ev-dtulySuE2_XOni_7eyDlfTRHMBdwjgjc0y2OJ1SCbHN38J7mbcN7W_qfu0sxV52FWhglpoKtQbABjW7g==/20200628_puyppla_01.jpg,ゲーム「ぷよぷよ」のソースコードを活用したプログラミング学習教材 ...
29,プログラミング_30,https://www.creativevillage.ne.jp/54319,https://msp.c.yimg.jp/images/v2/FUTi93tXq405grZVGgDqGxvixyrB8JWu9LjYP7UFcqxZGfNl2ZLJyaSejIYf5fIMy4iZTldufLUyozbcCsSNUcxLxSjXWwJ82-COBUXMw_dGsglIkgMKcVuITS9mA5-hIIH4Xk91Wb0EF1JUqe16JxVvKgoPSXHBAwJFu6oE2sqAIDhEZqJ3eK3HvI6UaYUpq5YPwmbrftXkcMePaRU3-ZXt_UIxkQiEAOi129vpfHfFFgL17g1D1JxR0ANtojCGvkRaIjRC1c6icpf-HEelG4GImbqkwDteOe2f-zvBe0E=/eyecatch1.jpg,ゲームプログラミング】おすすめの言語と勉強方法│ゲーム開発を仕事に ...
30,プログラミング_31,https://www.pasonacareer.jp/ib40/column/geek180802/,https://msp.c.yimg.jp/images/v2/FUTi93tXq405grZVGgDqGz16PiXta5c3DTalPOnY5FC4B74Z0X4YhuYXEFVnT8J3dYvoGSoEZshjYbxTPlJS5AphKBJyuwtZSsFyB4xz7rHtGT8UWRUFGszMrw7TYvY4wL-ikhU7O_mESwnaakKkPR3IhQmO3rKRv_GkkCHDmOnkgi0nnFxcbkfjmF4CRXVw-bReHSTaLFnnAehXCOedFSCHhb5mUFm48tr33hPVwYmOx30Fdw2yJixgC5eh3UgMjBBSva49GOyy8gqnSXM2Hlxo9GdzNlmSFvpib3ht_39WBhYR-kakwv6tXhUZOSSNL6_-q_j_Il6wljVgYr7oraySVbVzs2rDkg5VaFE79kkHn4UwX481dFy9iaBACGraLBwaqODNEP7y1hIxi0l0OnD1thnPycfpZAqoxX38fiI=/04.png,自分の子どもに「プログラミングってどうすればいいの？」と聞かれたら ...
31,プログラミング_32,https://www.businessinsider.jp/post-236545,https://msp.c.yimg.jp/images/v2/FUTi93tXq405grZVGgDqGy0g-1jSSGwyYByk3aBDTwZYEdc2Z9f3UR2LNbKP9kUwb7pdMUaEORldWKT_FBVhzo8Vsl2HJRjdS7XDzae97BvbxHxWqPtYoZ6bLbBLgByqYBAHk9Sp6hmlDPeud7kGns8lBV97Sf9hWzkUrnw0QBahcC1KAZX6XJPpTppXY__GDP0A9T_qO2D4BVI35_LjsYZ1pl7m0763vfHhIivlUILSpiEBT6O26VnTesZRUjnqqEnmoN0h3ZS6MGAOIi65f1kLuimfjzXcJgzCAdusox2Kil9WTEt5yzcxqUSXSA8X/IMG_9094-w960.PNG,任天堂の新作『はじめてゲームプログラミング』予約で爆売れする理由 ...
32,プログラミング_33,https://kids-switch.jp/,https://msp.c.yimg.jp/images/v2/FUTi93tXq405grZVGgDqG4I928wZiJvkzW3LkyGHTi3dgndIccIGvjT_Ae8w0Lclc1OKIr75r3DzA_WGARUGZW-isUagZEM_BKJnRZoKs4WB5YByNuyi3zA5bSlgPlIvpN4KhmNfM39eXTuy-Ic3WXLcTdqSVSsIZXoYyf16iviAQoZS0yY8OiztkD6wFCZDpp4QeLJJv_8FCsuGuzwPF6DwLtWor8vl9ORLFPI_f3hTMqxaVejT383va5Z72sM2MEgm7lbpKauYMma-psEI6fl4FQ2ybd4J4q7I54biJoOZpUdHDc3K9aqNOEbmY6C_8o6zQcPYl1uIAxkvjQDVUg==/course_guide_img1.png,武蔵小杉で小学生のプログラミングスクールをお探しなら ...
33,プログラミング_34,https://coeteco.jp/articles/10940,https://msp.c.yimg.jp/images/v2/FUTi93tXq405grZVGgDqG5Dgw02U19OMFO0bgyxeMMCp0KvmwLSdrqV9H81RLrskTk8tg8QHexE7_Lh9dzjyHyC14E7NVG-lsj1FSywod1VINaMWL13kW-r_LZDlT4fNQos7fvAgS6EDGIyx6ZIRk5vwliP_X3BkTB9Lve4WwF-3a7ceFxPfoFgRZiYqGCG1C-hdCRTYO_68xY5vDp5X74I9lHh7AMMJrjhHQglVAyeY8xbWOg8FynAsZeakuqw6_xAf3TcsQpzrPuRXKVQjbO2enOsbJJafvCA-jvj_PAcggfheT3VZvQQXUlSp7XonFW8qCg9JccEDAkW7qgTayoAgOERmond4rce8jpRphSmrlg_CZut-1eRwx49pFTf5vaaC3D_O2hsLLk5eThKbRgwcHRvDDdGPpmsGBrLI4rfiht3HihxNgzG4afJ27FkR5GkbV7eqf_G8fn41sMGIGw==/e7d075da84e96eacb7b8b1547f30c8e7a65ea0a731562781841337fa1a38,50代・未経験からでもプログラミングの勉強は始められる？しっかり学ぶ ...
34,プログラミング_35,https://www.amazon.co.jp/%E7%8B%AC%E5%AD%A6%E3%81%A7%E8%BA%AB%E3%81%AB%E3%81%A4%E3%81%91%E3%82%8B%E3%81%9F%E3%82%81%E3%81%AE%E3%83%97%E3%83%AD%E3%82%B0%E3%83%A9%E3%83%9F%E3%83%B3%E3%82%B0%E5%AD%A6%E7%BF%92%E8%A1%93-Ver-4-%E5%8C%97%E6%9D%91%E6%8B%93%E4%B9%9F-ebook/dp/B07M5Q7Z3X,https://msp.c.yimg.jp/images/v2/FUTi93tXq405grZVGgDqG2E-Sg2-7FDTZANwvnBP0L8fCu8JH5BxSVL3lAhv-slsc6sn82639n4f0aDyFP0z2VP0hhOKE0WV02xp8COfSD8pG5KoyrMAI7gVWIkYk5LOlc7mt3ODI6AwMJ4Aoiv-l1hVdNPn8GJF1JZ-hY_3KcjWfz_tHl9JCTQXpQIsHA4eqJfbiUwQzN5ModCJi8qjisBXFi1c-mUZzs_o3xxByziUik58pnZAb8DMcTR-r81HjPT6R0qFMrW8bMELt_zBQA==/516ILPoCRiL.jpg,独学で身につけるためのプログラミング学習術: Ver.5 | 北村拓也 ...
35,プログラミング_36,https://www.todaishimbun.org/programming20201124/,https://msp.c.yimg.jp/images/v2/FUTi93tXq405grZVGgDqGw-_4b9zh_udttCJiJ4I11BPexjxlh2MmX0tTWnRKxP_0cW6Y8MtoHk7llzATicOpoYKMAiLqIeBkfigCmffVIJLCgRIzZ_UiIcTJe1i6DwpaE4-W9uPEB76D8ZD-3inzOxrYG5tFG5kVMAHJXNVkDgUUjQfrSz3EoTjCHnQc5VLy081uZa8lDuwdcy3vRMShoivsrfhV9tdzdIm4E7lK6LsBUgsY1vxtkgBXNsDztE4sdt1JcFOUB9iy9233Vz99YIcTP31sGiJyi9SPM3k_kc=/2-1-1024x809.png,プログラミング、学んだ先に何がある？ 〜学習の意義や魅力、上達の ...
36,プログラミング_37,https://haa.athuman.com/media/it/programming/2120/,https://msp.c.yimg.jp/images/v2/FUTi93tXq405grZVGgDqGx70uVh6JrKTLc2lrUMLjHUdv8gk3zdTRMLrYz1PLd-SD_nsWftuFF_fAP17pbTI2CSMT9O_x1fkvkkkDK1XbdgDn1SPPVXjlj0Sso9qtZpxZFmc5lQKDtrTBlIXbjhD-CR_bt6C2u9L1WOoJOgMz_AHkQifaSHIlkNaHfFRKdw1rtvQGdN0sJvM-MC0TacXuA2Ycm_Zx_TOBZLXvYlpOYV-rdmS-JDkd7d-jpzP83NdPu6tgpnSAfGUunb8bdQvHQ2n0EGlAb5OVJLMFjmnsD7v3c2opzHzRXUeDLvE4fhS0R6Cs8kjgz2y-BiGiipMO_WAzgenNmvh6r_uHynO9bI=/6207a994916f78048763031a5b49e3ec.jpg,プログラミング言語とは？特徴や言語の種類について解説 | TECHのススメ
37,プログラミング_38,https://webukatu.com/wordpress/blog/1263/,https://msp.c.yimg.jp/images/v2/FUTi93tXq405grZVGgDqG1OdI1qYhSLOdqYu9OuT_XbKye6ocIUYHEH5VIMSM58Q9RxveRTCQBWTnue0EbUy-A1-uRAJ_EMh8tTvZ7S-0Z4Nrhg87LKUQtBILfkErzmxJgltWvpWyOifeOdw-Cg_cSsx_7GXPSNWzzKLmRECKhau29AZ03Swm8z4wLRNpxe4DZhyb9nH9M4Fkte9iWk5hX6t2ZL4kOR3t36OnM_zc113qg_wKO7_Ld77DqYTugFmoIsTzwp6fRTCSychRW3KPGaEdCi4ec4s5x5Nw-9_nWLtKHRX1xvJAIZ3hNx38J7R9YDOB6c2a-Hqv-4fKc71sg==/e95efe85cf997b40cc53ccbf99a40479.jpg,これからプログラミングを学びたい初心者や未経験者がまず知っておく ...
38,プログラミング_39,https://wired.jp/2020/04/30/python-language-more-popular-than-ever/,https://msp.c.yimg.jp/images/v2/FUTi93tXq405grZVGgDqG8-tbysIl8OelV-uFtw5XLy3uY4BO9Pn1d-p2pmOxpQpR48ACvOoSah6hL29hLb1yQjlagwnKevViN1Ec2eJw83xekkVSLCfzW8WIi7__njJ_ozt4jeMC7ch2A8SmqoAYk4rq0a0jGXsPcQJ4hSmoJ97N3WshyBIZ2Uro-X7bGbbK1ni_X5ohBMnnj8Gut2qJbaDzFZR7Hjc9Ga1m93-RobklTeOqVuTB34ImgfLjJTvHc0m5wihGrIsYRASEyXUZQ==/python-popularity.webp,プログラミング言語「Python」の人気が止まらない理由とは？ 人気 ...
39,プログラミング_40,https://www.tokyo-np.co.jp/article/37741,https://msp.c.yimg.jp/images/v2/FUTi93tXq405grZVGgDqG4pUnWjkcH5XjyLcCl8Fhaoe6cZr3FlEU3rdEq88gLNKLm2boZIDHeY9cBOMHzw-bHnKfgrb--8g8jdX4uXV82gv3bqGxBa0ee7v0Uva5w_XAhaynPRT9Bp5b97qp1-Mn5CtP8gUX78F0qqxk8RXf2WnGTpN24P6Y4uT4xKyxRFmuZaeGRigcNFfUnqf_uqN7XJezuOU3mWoOMB-6PsaJ4fZFX7FHoC0im0byMRPS4K3KGSDrtWnjo-Dz97_gqeRNVQS5FkZwqU3sbEEe3sR-t-OOrWyqzzhYrd7dAAw-MvF5jnULJXL5w56U4DN2-77VA==/8445bee025b50cc7db756898cb8de1e3_1.jpg,プログラミングは工作」 高齢者向けスマホゲーム 独学で開発８５歳 ...
40,プログラミング_41,https://www.amazon.co.jp/%E5%B0%8F%E5%AD%A6%E7%94%9F%E3%81%A7%E3%82%82%E3%82%8F%E3%81%8B%E3%82%8B-%E3%83%97%E3%83%AD%E3%82%B0%E3%83%A9%E3%83%9F%E3%83%B3%E3%82%B0%E3%81%AE%E4%B8%96%E7%95%8C-%E6%9E%97-%E6%99%83/dp/4863542070,https://msp.c.yimg.jp/images/v2/FUTi93tXq405grZVGgDqG1CROubRnqp0a8lc9vDDS-lAY7AB0-ZjPxi7Xye_xu0wm9U4TgWke3wHS2oRWPNFsr53SYOk9njBpVO4Nlc2X3HszzCbZENTza-YgU3U-_hFhWxamlc3fUVQpg9OVjrz7RQx0V7tfujTsouQqq-Jg-IaTtnWiVFvMmePQRje8cZjJatXRkiPWIU8olgJEvdJMFo_QQzhKRyo1ohfBJ-qnCirWDGfvxocT7mt-o-m8Hqo1VbcmLJKaxtW57PN7kzL7YNk1FqJ9eE0Kz8G6BZUDmg=/81ba9gg0wqL.jpg,小学生でもわかる プログラミングの世界 | 林 晃 |本 | 通販 | Amazon
41,プログラミング_42,https://style.potepan.com/articles/8067.html,https://msp.c.yimg.jp/images/v2/FUTi93tXq405grZVGgDqG6GmKKG_m9-caVTphEyD1lcaOyuGFongc8Hm7mQ6ljIyuVv03SPQEpgWLg4LRwZmZ0HUfHxZPk7w6k7c2XMPWhxtNjdDeLSgbV2KeH9YboRUqRQEDWidSJTj9KPrvydjaoBChlLTJjw6LO2QPrAUJkOmnhB4skm__wUKy4a7PA8XoPAu1aivy-X05EsU8j9_eE0RB75eW0-58EIiuOfz1S9aU752nnuKsYewZn1e44KI7-xd6c83mZROLgNLdlQGxzlm2YRd-ZXBb7TYFkvrO-XyjrNBw9iXW4gDGS-NANVS/pexels-photo-270632.jpeg,プログラミングとは何か？初心者にもわかりやすく説明しました ...
42,プログラミング_43,https://engineer.fabcross.jp/archeive/190823_stackoverflow.html,https://msp.c.yimg.jp/images/v2/FUTi93tXq405grZVGgDqGwJ7yA1JRsx76Oj2UPAWQ5y_KinE09FKpxlkJWUM7Q0j0cW6Y8MtoHk7llzATicOpv6jKzdwtWlci2avtoTQRfyTl1Rwzd4FiZlddE8SY4SnaT91FHx_SVXmdGjegQpua67b0BnTdLCbzPjAtE2nF7gNmHJv2cf0zgWS172JaTmFfq3ZkviQ5He3fo6cz_NzXRd1Alvyg_fZEGkMO-E6SJdbxZ6jGkoWfyn3CEJfiIlnJMcp_Iif1JMDgcAfvSftK9E7iunW4rC6uBn9G6yeEXX1gM4HpzZr4eq_7h8pzvWy/190823_stackoverflow.jpg,2019年、一番稼げるプログラミング言語は？ 年収1000万円にも手が届く ...
43,プログラミング_44,https://prtimes.jp/main/html/rd/p/000000005.000048183.html,https://msp.c.yimg.jp/images/v2/FUTi93tXq405grZVGgDqG55TuUok74aGR5j448WXX6Q7iaiwqdxC2ZuE-vipfyP95V0qCRQoAs-u_m1vF2BeMrzWouqvhEtaHdHYLwlWnpinGTpN24P6Y4uT4xKyxRFmuZaeGRigcNFfUnqf_uqN7XJezuOU3mWoOMB-6PsaJ4fZFX7FHoC0im0byMRPS4K3tITWf86U4rbyjCAG5I3Fvk3alr2m2UTj-CVtojlcoSEG60-V3q1Zg9XGQSQtXBR9EX6eMDY6eRNNjgplNo2b9Q==/d48183-5-284407-0.png,プログラミングスクールカオスマップ(2020年10月版)を公開しました ...
44,プログラミング_45,https://www.itmedia.co.jp/news/articles/2009/18/news081.html,https://msp.c.yimg.jp/images/v2/FUTi93tXq405grZVGgDqG3FisvduuMUvYIJApvy0wL54upRZLyWZ6URNq1KhIA67cHj_Mdh5M_Io70dVuXzRe60vc25nQ_PHeRRQ76JnIYvv3pvyJcLOnIXKnMq8sW45o8LKF6AjTRFPEJVogbdhDv4mxuUZYmlqg83lCUvBzGt3ZThxQVSSX3ufNQ7XrTK6P9BRdGb6MY4vF0HYTZemqqxnhf2_Y3tVoymeoepWmU9f77L7Azp20lqym3DHpSa0KVBihnEx59jIYmloIn8JDtU5-iaM1fMWmH1JaRXZ54A=/mt1626333_NDSK-02.jpg,日本語プログラミング言語「なでしこ」、中学の教材に - ITmedia NEWS
45,プログラミング_46,https://tech-camp.in/note/technology/226/,https://msp.c.yimg.jp/images/v2/FUTi93tXq405grZVGgDqGxiw-Tbq3nt4hl1-Q-TVZoODEpE4z_s1xPwXVje0FrFY8xPhvOOa8YokQ0h9FkFsJsdkiNHdAZP03VuWDI7IPlO95JzEW592GeaBqgNBmTQdc28F73kYMQfbA14P9fD5TA-o5zmnml_OR-bm6_whgO6wxOO_3a34qT4WQ74oIvf2LpvuF2dTXsEx5onDV_Q5VOOxWl-keef6xtYVxZyQgMIJkuWBJNsJEdYUSBD5L2_I4e-mGTOIapuge1Crwmfl6jpGkNtUDziLkZ8U3tzh-Me3NPWXoUN4NCqNQ2uvfMnTU_SGE4oTRZXTbGnwI59IPykbkqjKswAjuBVYiRiTks6Vzua3c4MjoDAwngCiK_6XWFV00-fwYkXUln6Fj_cpyCU2YL0gAfueP9XPeYa3K2ystWRpoTJyREG5tOuhUYzB9zvc0Rkr8cQRL8wehkg3Bcx63jc0gYQFzkA5Gh7sspT1gM4HpzZr4eq_7h8pzvWy/E382B9E382AFE383AAE383BCE383B3E382B7E383A7E38383E38388-2021-01-26-17.17.35-1024x397.jpg,プログラミングとは何か？を世界一わかりやすく解説 | テックキャンプ ...
46,プログラミング_47,https://game-creators.jp/media/career/017/,https://msp.c.yimg.jp/images/v2/FUTi93tXq405grZVGgDqG9-2xpbIub15OzuFgOzDmFND6opmy6yiNoAZymZH5EPx9RxveRTCQBWTnue0EbUy-M1Tqi2ou81Ustthd9bWTnidfroFx1OrVAyfASvLEDvgLAHD5JCjpiUOTODuec_HAUqziG--IQu9-QD00MHIee-5yBl7y-V295AXd9OmbSTfCHT4POPSzuaXzIUQYTX30gzBQBN88TSEI4i_qt-tpo2seA5qgZZFmQWNekVAuJwAIJ1sesUzVFbNTsQncA5YMOK1TxxEBxhIvM91DnySMvA=/017.jpg,ゲームプログラマーにおすすめのプログラミング言語12選
47,プログラミング_48,https://ferret-plus.com/8887,https://msp.c.yimg.jp/images/v2/FUTi93tXq405grZVGgDqG3bZk2rP9zBdHsvXBVN9eVJN5ti_rRZ2S11WanWZ4gKqD3gYKjRThGDtv0vSzVecGIw1JkU13mBX_KA4R2ZYOvwUdTA6z0D6THUbssKxPILegvxMuq0x022wzL6LpeeXamy0jbBrqTTWZgjjDgNv6bujwsoXoCNNEU8QlWiBt2EO_ibG5RliaWqDzeUJS8HMa3dlOHFBVJJfe581DtetMro_0FF0Zvoxji8XQdhNl6aqWzjx8ndDpt3efd2baHvmEuIyXGcOJRWZfwWw91KkbPukB_sWUp3cUJf89eDFKaz6yuAQw6p8Hw9gn8jiVdCS6w==/default-211c44e4222b53c5de3e7213b6dcc3be.jpg,2020年版・プログラミング言語の世界人気ランキングTOP10！オススメの ...
48,プログラミング_49,https://forest.watch.impress.co.jp/docs/news/1161130.html,https://msp.c.yimg.jp/images/v2/FUTi93tXq405grZVGgDqG6HK7VPPiEialEw4n0Z_7v8RiOjB6pMA44laZoWLkbDvmwj96BsBOiGqT6XrmY1hm-KqEDsMV2QzusIWpFTBBrB9EX-yP5eAK7DyQnBKloQ9m6zjfJSTfzinRmyljD9TjXiYH0yZ-gGFzrQkcEZl5fv5WUqUABp88WsBsprNKttHoeWXhIIlwTtjVR0XURJaEiFLm9nSU-s5sPsuVTeYMEwMIuAbBR5qmlG36_bt9aaJF_K2fzka-RX5ROi7R1L4X7NTdRV213hUn99KyYXqwKw=/image1_s.jpg,子どもの学習・教育向けブロックプログラミング環境「Scratch 3.0」が ...
49,プログラミング_50,https://japan.zdnet.com/article/35169033/,https://msp.c.yimg.jp/images/v2/FUTi93tXq405grZVGgDqG84VcAfbwddB1BL6EgXKDqFzpBltk6CLNx5V3Qbpv4roEIHsIh2Ges7Z-msuRyPX-N7Wjwd3JTLNl3mVkuIku6T786z-KoxaZOf-A9_qtPz5u9mQdiylRbKKYrf7dAZGa6zRzLlWmfNW_Bnva7SZQ3JgbP-r9-Ro_2FEEukfX6h7U_SGE4oTRZXTbGnwI59IPykbkqjKswAjuBVYiRiTks6Vzua3c4MjoDAwngCiK_6XWFV00-fwYkXUln6Fj_cpyHlL7PvOmBeh1kMotnuRW61yeoDTc93PFDgg0ujl58LWtNLFvbL1itoq5waOLr4D_hJeG7VWVNk-YriNe6feuWP1gM4HpzZr4eq_7h8pzvWy/istock-698430010_1280x960.jpg,古くからあるあの言語が20位圏内、Objective-C下落--TIOBE ...
50,プログラミング_51,https://www.nippan.co.jp/news/kodomo_programming_20200514/,https://msp.c.yimg.jp/images/v2/FUTi93tXq405grZVGgDqG-dvvxMPdF08-AMpQmonwdwRa8yJjMD4-Jw7yF8MnQvziC-efUitQH7sCODlR7vRwkFt4VUo3Bj7ua1-4QRjZP4mdOB0PC0Pfrd9iXPE5YPXjBBSva49GOyy8gqnSXM2Hlxo9GdzNlmSFvpib3ht_39WBhYR-kakwv6tXhUZOSSNL6_-q_j_Il6wljVgYr7orVareVkIjR3UCL7zjEQ6GnXWoQ1Gr_swor8TBBiSiAPGpvgZLdoX8nzTXdbJE1Z_RQZlQweNcThWhG2f_p_a8xU=/book_Scratch.jpg,"こどもプログラミング本大賞2020」発表！エンジニアや小学生、計1,200 ..."
51,プログラミング_52,https://www.pasonatech.co.jp/workstyle/column/detail.html?p=2505,https://msp.c.yimg.jp/images/v2/FUTi93tXq405grZVGgDqG6fEsc2H1xuATbzJybd3c9Kj-F2rSEfvoTnpUi_pf0Tnj07Lj3_h7TP2_fAG5QnwbsLt2Numo_CWYsmNG1cjl-Ny3E3aklUrCGV6GMn9eor4gEKGUtMmPDos7ZA-sBQmQ6aeEHiySb__BQrLhrs8Dxeg8C7VqK_L5fTkSxTyP39444ly3LB0Mg9wByhe2A2yYyQI1JgICzpUe4vertLUFyIT6uIwP1vq13vx1QOPHcHASJ_y-rPNotUHSSlhdkJAaoNk1FqJ9eE0Kz8G6BZUDmg=/2505_mv.png,難易度順】プログラミング言語を一覧で一挙紹介！ | パソナテック
52,プログラミング_53,https://www.dospara.co.jp/5info/cts_str_pcuse_aboutprogram,https://msp.c.yimg.jp/images/v2/FUTi93tXq405grZVGgDqG_bR1TXu3tbhNeoWE0JZHMpMxZjSkqFuacrA_vcOPFIFLpZHuwoHda2JTmX4opeu1nbTnmvLa2IMzVUZV79vH7jM5F19Gl2-a59bhLN0b8gk8XpJFUiwn81vFiIu__54yf6M7eI3jAu3IdgPEpqqAGJOK6tGtIxl7D3ECeIUpqCfezd1rIcgSGdlK6Pl-2xm262H1NmDSMJ5k8i7TG7D6aA1A1Q5jnLblmzi4lHicMIyyy_0XDp4e0Ej5UQtRbDeuYfCIE5uFfjPV15hgAtSzCI=/aboutprogram01.png,プログラミングとは？わかりやすい基礎知識と歴史、活用先の解説 ...
53,プログラミング_54,https://www.youtube.com/watch?v=BAGpSAE8QAU,https://msp.c.yimg.jp/images/v2/FUTi93tXq405grZVGgDqGxuQACxqi0fkbGNWy3I1FNXYY73FcGIC2uuEWbxL5Fp7QbM-2cA-2MCOSqNK8nDe6TMwqx4j6JcYDIcqw_MaPg6u29AZ03Swm8z4wLRNpxe4DZhyb9nH9M4Fkte9iWk5hX6t2ZL4kOR3t36OnM_zc13PYy4S92kuncvK6LB6gbxQMD6n2U8E_qBlNa1T2KmNC7kXbB1_HqnEiRNBf2DubfMPtuExNYuiJ7KcwGWSciqF9YDOB6c2a-Hqv-4fKc71sg==/maxresdefault.jpg,プログラミングは誰でもできる！？ホリエモンがプログラミングの基本を ...
54,プログラミング_55,https://jp.techcrunch.com/2021/05/06/2021-05-06-nintendo-switch-programing/,https://msp.c.yimg.jp/images/v2/FUTi93tXq405grZVGgDqG-x3UWkFDroz0UpaunW0rBkaOyuGFongc8Hm7mQ6ljIyuVv03SPQEpgWLg4LRwZmZ3sC6uH9eIG-Ym9oF8NN9htETm9e2bLzq-82qePA6VSoc7HriJ5zAslkK1v5R-XA0IVsWppXN31FUKYPTlY68-0UMdFe7X7o07KLkKqviYPiGk7Z1olRbzJnj0EY3vHGY69Dp7MUjX63vapA2nyPEuhqlka_BtfbYSiLJoci_Ws1-ph5Zt3j3KkXx9v1NwNeYv_FN0cKjLwFfU-W7DLSgrs=/img-01_03.jpg,Switchでプログラミングを学んでゲームを作れる、「ナビつき！ つくっ ...
55,プログラミング_56,https://www.tech-street.jp/entry/research-programminglang,https://msp.c.yimg.jp/images/v2/FUTi93tXq405grZVGgDqG7EWq3gkaBV51Iq32TvAcGrFGJLYXPsvUcTXV7P3YYThZwu87gLpK7_7hD_Dhrd1Quk65J9Je2ApmInEdLaDagcDeYVJ2-egVY4AKE0iJgBOgu3r3ri367-dho3CB9bHzSCB-F5PdVm9BBdSVKnteicVbyoKD0lxwQMCRbuqBNrKgCA4RGaid3itx7yOlGmFKauWD8Jm637V5HDHj2kVN_mxH2UuYZ8cc5ipSSIhF64pvRIDEcsxfGIJXjZ9BQJ9K7jyo5G3A9bFLi86DokKq_CsUdhk-qUoiuxuxm-u6xxC/20201223164333.jpg,2020年プログラミング言語別年収ランキング - TECH Street (テック ...
56,プログラミング_57,https://wired.jp/2021/05/18/ai-latest-trick-writing-computer-code/,https://msp.c.yimg.jp/images/v2/FUTi93tXq405grZVGgDqG8-tbysIl8OelV-uFtw5XLy3uY4BO9Pn1d-p2pmOxpQp_sYaq-BeOZuhgecfEsD_O0GqqEx5p9ZG2NsTtgYBxmJyqSJgBDxBcUFCFycocbwHjBBSva49GOyy8gqnSXM2Hlxo9GdzNlmSFvpib3ht_39WBhYR-kakwv6tXhUZOSSNL6_-q_j_Il6wljVgYr7orVMdBFtDgRhujBLp60Xs3Hx44pjzcRZPEVyDGEgwJwCBQWgteLIkURviYTmEc2Lndn35o96IF1JiF2BmGp3oRXM=/biz-ai-text_top.webp,プログラミングの自動化がついに実現する？ AIが生成するコードの課題 ...
57,プログラミング_58,https://web-camp.io/magazine/archives/16592,https://msp.c.yimg.jp/images/v2/FUTi93tXq405grZVGgDqG6G5iwy_WPkPPE70H8VL32fJBFh5ICm3zzh-5U87JXoUgcjldUyeQ0DxEyIJi9SXrG3w9lKmcaaGFbgdRB3iGKy2R7NrpCWQZY2clYW3tNO0TA-lfjrr4YzrR0dnxWi6mIwQUr2uPRjssvIKp0lzNh5caPRnczZZkhb6Ym94bf9_VgYWEfpGpML-rV4VGTkkjS-v_qv4_yJesJY1YGK-6K0v2V1CfK8jRlDeRmkg0eC673wnrqsvzOcIO30gLSPjqrEj-smU2dt0LehPLE9UPky9h87fu4hsh-yXbwNnF8GF/soucecodeIMGL9032_TP_V.jpg,プログラミング効率を上げるエディタの選び方とオススメ - WEBCAMP MEDIA
58,プログラミング_59,https://progra.org/blog/108/,https://msp.c.yimg.jp/images/v2/FUTi93tXq405grZVGgDqG1DOCoFdjj0tRkJuk0LWNmbqa8deHeZDz8xzNwfQTSgoXS5qiryLqIKrTm6TCuFuibQS-TFaf_3bjTkLTEnoLbAggfheT3VZvQQXUlSp7XonFW8qCg9JccEDAkW7qgTayoAgOERmond4rce8jpRphSmrlg_CZut-1eRwx49pFTf5WmTY65zHCoxIJ4QHhXdBsPB317pC12xx8kYwSL99cn-SAPEoQn-E51woF7vbUmhRdM8w2AYMOdPBOS_RSEmgjA==/50169707237_b1a20a05c5_b.jpg,小・中学生のプログラミング学習目線でプログラミング言語を解説 ...
